国家,年份,GDP总量_万亿美元,人均GDP_美元,CPI同比(%),GDP平减指数同比(%)
美国,2000,10.25,36330,3.37,2.2
美国,2001,10.58,37119,2.83,2.4
美国,2002,10.93,37998,1.59,1.7
美国,2003,11.46,39407,2.27,2.2
美国,2004,12.22,41642,2.68,2.8
美国,2005,13.04,43886,3.39,3.3
美国,2006,13.82,45986,3.23,3.2
美国,2007,14.47,47964,2.85,2.7
美国,2008,14.77,48362,3.85,2.2
美国,2009,14.48,46931,-0.36,0.8
美国,2010,15.05,48358,1.64,1.7
美国,2011,15.60,49794,3.16,2.1
美国,2012,16.25,51449,2.07,1.8
美国,2013,16.88,52980,1.46,1.7
美国,2014,17.61,54793,1.62,1.9
美国,2015,18.30,56411,0.12,1.1
美国,2016,18.80,57638,1.26,1.8
美国,2017,19.61,59844,2.13,2.1
美国,2018,20.66,62605,2.44,2.4
美国,2019,21.54,64641,1.81,1.8
美国,2020,21.38,63173,1.23,1.2
美国,2021,23.73,69231,4.70,4.0
美国,2022,26.05,75279,8.00,6.7
美国,2023,27.81,79955,4.10,4.4
美国,2024,29.30,83705,2.90,2.8
美国,2025,30.77,87120,2.40,2.3
中国,2000,1.21,969,0.40,2.1
中国,2001,1.33,1041,0.70,2.0
中国,2002,1.47,1135,-0.80,0.6
中国,2003,1.66,1274,1.20,2.6
中国,2004,1.95,1490,3.90,6.9
中国,2005,2.29,1731,1.80,3.8
中国,2006,2.75,2069,1.50,3.9
中国,2007,3.55,2655,4.80,7.8
中国,2008,4.59,3471,5.90,7.8
中国,2009,5.11,3832,-0.70,-0.3
中国,2010,6.09,4550,3.30,6.8
中国,2011,7.55,5614,5.40,7.8
中国,2012,8.53,6314,2.60,2.8
中国,2013,9.57,7043,2.60,2.7
中国,2014,10.43,7681,2.00,1.4
中国,2015,11.23,8167,1.40,-0.5
中国,2016,11.23,8115,2.00,1.1
中国,2017,12.31,8816,1.60,4.0
中国,2018,13.89,9906,2.10,3.4
中国,2019,14.28,10154,2.90,1.6
中国,2020,14.72,10408,2.50,0.9
中国,2021,17.73,12556,0.90,4.8
中国,2022,17.96,12670,2.10,2.0
中国,2023,17.70,12415,0.20,-0.5
中国,2024,18.56,12980,0.50,1.0
中国,2025,19.63,13862,1.20,1.5
日本,2000,4.89,38532,-0.70,-1.7
日本,2001,4.35,34262,-0.70,-1.5
日本,2002,4.18,32819,-0.90,-1.6
日本,2003,4.30,33708,-0.30,-1.3
日本,2004,4.60,35941,0.00,-1.2
日本,2005,4.57,35781,-0.30,-1.5
日本,2006,4.36,34157,0.20,-1.0
日本,2007,4.38,34345,0.10,-0.8
日本,2008,4.85,38042,1.40,-0.6
日本,2009,4.93,38604,-1.40,-2.1
日本,2010,5.70,44508,-0.70,-2.1
日本,2011,6.16,48029,-0.30,-1.3
日本,2012,6.20,48440,-0.10,-1.0
日本,2013,5.16,40305,0.40,-0.8
日本,2014,4.85,37939,2.70,1.8
日本,2015,4.38,34450,0.80,2.0
日本,2016,4.93,38800,-0.10,-0.9
日本,2017,4.87,38371,0.50,-0.5
日本,2018,4.97,39114,1.00,0.1
日本,2019,5.08,39988,0.50,0.6
日本,2020,5.04,39744,-0.02,-0.8
日本,2021,4.94,39052,-0.20,-1.2
日本,2022,4.21,33306,2.50,0.9
日本,2023,4.20,33237,3.20,2.4
日本,2024,4.29,33901,2.80,1.8
日本,2025,4.44,34980,2.00,1.2
德国,2000,1.94,23613,1.40,0.8
德国,2001,1.95,23729,2.00,1.3
德国,2002,2.05,24894,1.40,1.5
德国,2003,2.45,29734,1.00,1.0
德国,2004,2.75,33394,1.40,1.4
德国,2005,2.86,34834,1.60,1.8
德国,2006,3.00,36628,1.60,1.7
德国,2007,3.44,41974,2.30,2.1
德国,2008,3.74,45636,2.80,2.4
德国,2009,3.40,41694,0.20,0.2
德国,2010,3.31,40678,1.10,1.0
德国,2011,3.69,45216,2.50,1.8
德国,2012,3.53,43334,2.00,1.6
德国,2013,3.75,45925,1.40,1.9
德国,2014,3.89,47644,0.90,1.7
德国,2015,3.36,41350,0.50,1.9
德国,2016,3.48,42635,0.50,1.7
德国,2017,3.69,45003,1.50,1.6
德国,2018,3.95,47971,1.80,1.9
德国,2019,3.89,47130,1.40,1.9
德国,2020,3.84,46330,0.40,1.4
德国,2021,4.26,51204,3.10,3.0
德国,2022,4.53,54402,6.90,5.6
德国,2023,4.45,53409,5.90,5.3
德国,2024,4.87,58322,2.90,3.1
德国,2025,5.05,60400,2.30,2.4
英国,2000,1.45,24540,2.90,1.1
英国,2001,1.44,24292,1.80,1.8
英国,2002,1.60,26835,1.70,2.5
英国,2003,1.86,31046,1.60,2.6
英国,2004,2.22,36821,1.30,2.5
英国,2005,2.52,41349,2.10,2.7
英国,2006,2.69,43800,2.30,2.8
英国,2007,3.08,49807,2.30,2.4
英国,2008,2.87,46214,3.60,2.1
英国,2009,2.42,38894,2.20,1.3
英国,2010,2.43,38880,3.30,1.6
英国,2011,2.62,41705,4.50,2.1
英国,2012,2.67,42380,2.80,1.4
英国,2013,2.78,43940,2.60,1.7
英国,2014,3.03,47663,1.50,1.9
英国,2015,2.86,44911,0.10,1.0
英国,2016,2.65,41489,0.70,1.8
英国,2017,2.64,41180,2.70,2.4
英国,2018,2.83,43801,2.50,2.1
英国,2019,2.83,43533,1.80,2.0
英国,2020,2.71,41501,0.90,1.5
英国,2021,3.13,47670,2.60,2.8
英国,2022,3.07,46519,9.10,5.6
英国,2023,3.15,47431,7.90,5.2
英国,2024,3.61,54170,3.40,3.3
英国,2025,4.00,59700,2.60,2.5
法国,2000,1.36,22432,1.80,1.3
法国,2001,1.39,22822,1.80,1.6
法国,2002,1.51,24728,1.90,1.9
法国,2003,1.85,30155,2.20,2.1
法国,2004,2.12,34440,2.10,2.2
法国,2005,2.19,35467,1.80,2.1
法国,2006,2.33,37543,1.70,2.0
法国,2007,2.66,42737,1.50,2.3
法国,2008,2.87,45900,3.20,2.5
法国,2009,2.65,42285,0.10,0.6
法国,2010,2.64,41935,1.50,1.1
法国,2011,2.87,45464,2.80,1.9
法国,2012,2.70,42687,2.00,1.5
法国,2013,2.81,44197,0.90,1.2
法国,2014,2.85,44743,0.60,1.0
法国,2015,2.43,37958,0.10,1.1
法国,2016,2.47,38477,0.30,1.3
法国,2017,2.59,40140,1.10,1.4
法国,2018,2.78,42830,1.80,1.6
法国,2019,2.72,41860,1.20,1.4
法国,2020,2.63,40247,0.50,0.8
法国,2021,2.93,44740,1.60,2.3
法国,2022,2.94,44717,5.90,4.2
法国,2023,2.80,42566,5.70,4.1
法国,2024,3.14,47530,3.00,2.7
法国,2025,3.37,50540,2.40,2.2
印度,2000,0.46,443,4.00,3.7
印度,2001,0.48,457,3.70,4.1
印度,2002,0.51,481,4.70,4.3
印度,2003,0.60,557,4.00,3.4
印度,2004,0.71,650,3.90,4.4
印度,2005,0.83,749,4.20,4.2
印度,2006,0.95,844,6.10,5.2
印度,2007,1.20,1046,6.40,5.7
印度,2008,1.19,1027,8.30,6.9
印度,2009,1.32,1126,10.90,7.6
印度,2010,1.67,1402,11.90,9.0
印度,2011,1.82,1509,8.90,7.3
印度,2012,1.83,1495,9.30,6.1
印度,2013,2.04,1646,10.10,5.8
印度,2014,2.04,1626,6.70,4.9
印度,2015,2.10,1654,4.90,2.1
印度,2016,2.27,1767,4.50,3.1
印度,2017,2.65,2040,3.60,3.8
印度,2018,2.71,2064,3.40,4.5
印度,2019,2.87,2160,4.80,4.7
印度,2020,2.67,1998,6.20,4.5
印度,2021,3.18,2354,5.10,8.1
印度,2022,3.38,2474,6.70,8.0
印度,2023,3.75,2722,5.60,5.7
印度,2024,3.88,2795,4.40,4.2
印度,2025,3.92,2805,3.70,3.6
俄罗斯,2000,0.26,1771,20.80,37.7
俄罗斯,2001,0.30,2064,21.50,22.5
俄罗斯,2002,0.35,2408,15.80,16.1
俄罗斯,2003,0.43,2980,13.70,12.9
俄罗斯,2004,0.59,4109,10.90,10.3
俄罗斯,2005,0.76,5321,12.70,12.0
俄罗斯,2006,0.99,6920,9.70,11.1
俄罗斯,2007,1.30,9102,9.00,10.2
俄罗斯,2008,1.66,11636,14.10,13.0
俄罗斯,2009,1.22,8562,11.70,5.6
俄罗斯,2010,1.52,10632,6.90,8.0
俄罗斯,2011,1.90,13337,8.40,10.7
俄罗斯,2012,2.02,14162,5.10,7.4
俄罗斯,2013,2.29,16073,6.80,6.7
俄罗斯,2014,2.05,14309,7.80,8.1
俄罗斯,2015,1.36,9442,15.50,14.4
俄罗斯,2016,1.28,8834,7.00,4.1
俄罗斯,2017,1.57,10859,3.70,5.3
俄罗斯,2018,1.66,11496,2.90,8.1
俄罗斯,2019,1.69,11681,4.50,3.8
俄罗斯,2020,1.49,10220,3.40,2.9
俄罗斯,2021,1.78,12191,6.70,8.6
俄罗斯,2022,2.21,15281,13.80,11.9
俄罗斯,2023,2.24,15444,7.40,5.8
俄罗斯,2024,2.40,16540,6.20,5.1
俄罗斯,2025,2.56,17560,4.80,4.2
巴西,2000,0.66,3749,7.00,7.7
巴西,2001,0.56,3154,6.80,8.3
巴西,2002,0.51,2837,8.40,11.8
巴西,2003,0.55,3028,14.70,13.9
巴西,2004,0.66,3617,6.60,7.5
巴西,2005,0.89,4841,6.90,7.2
巴西,2006,1.10,5910,4.20,6.4
巴西,2007,1.39,7417,3.60,6.1
巴西,2008,1.69,8992,5.70,6.6
巴西,2009,1.62,8538,4.90,5.5
巴西,2010,2.21,11585,5.00,7.3
巴西,2011,2.62,13699,6.60,7.7
巴西,2012,2.46,12763,5.40,6.8
巴西,2013,2.30,11842,6.20,6.2
巴西,2014,2.43,12382,6.30,6.7
巴西,2015,1.80,9138,9.00,10.0
巴西,2016,1.76,8877,8.70,7.5
巴西,2017,2.06,10350,3.40,4.4
巴西,2018,1.91,9546,3.70,4.2
巴西,2019,1.88,9376,3.70,3.5
巴西,2020,1.48,7330,3.20,4.6
巴西,2021,1.65,8172,8.30,8.2
巴西,2022,1.92,9495,9.30,9.4
巴西,2023,2.11,10389,4.60,5.4
巴西,2024,2.13,10420,4.00,4.5
巴西,2025,2.28,11080,3.50,3.9
印度尼西亚,2000,0.17,830,3.70,20.4
印度尼西亚,2001,0.16,770,11.50,12.8
印度尼西亚,2002,0.18,853,11.90,10.5
印度尼西亚,2003,0.23,1052,6.80,5.2
印度尼西亚,2004,0.26,1173,6.10,7.0
印度尼西亚,2005,0.29,1292,10.50,14.5
印度尼西亚,2006,0.36,1575,13.10,17.4
印度尼西亚,2007,0.44,1896,6.30,10.5
印度尼西亚,2008,0.51,2179,9.80,17.7
印度尼西亚,2009,0.54,2274,4.80,3.8
印度尼西亚,2010,0.76,3148,5.10,7.5
印度尼西亚,2011,0.89,3648,5.30,7.9
印度尼西亚,2012,0.92,3734,4.00,5.5
印度尼西亚,2013,0.91,3646,6.40,7.4
印度尼西亚,2014,0.89,3527,6.40,5.8
印度尼西亚,2015,0.86,3366,6.40,4.4
印度尼西亚,2016,0.93,3580,3.50,2.2
印度尼西亚,2017,1.02,3876,3.80,4.0
印度尼西亚,2018,1.04,3915,3.20,4.1
印度尼西亚,2019,1.12,4174,2.80,3.1
印度尼西亚,2020,1.06,3919,2.00,1.5
印度尼西亚,2021,1.19,4358,1.60,4.1
印度尼西亚,2022,1.32,4788,4.20,7.2
印度尼西亚,2023,1.41,5059,3.70,5.0
印度尼西亚,2024,1.40,4978,3.10,4.2
印度尼西亚,2025,1.45,5110,2.80,3.6
墨西哥,2000,0.74,7291,9.50,11.1
墨西哥,2001,0.70,6840,6.40,7.1
墨西哥,2002,0.73,7047,5.00,6.4
墨西哥,2003,0.73,6979,4.60,6.2
墨西哥,2004,0.78,7402,4.70,6.5
墨西哥,2005,0.92,8682,4.00,5.3
墨西哥,2006,1.02,9542,3.60,4.7
墨西哥,2007,1.11,10270,4.00,4.8
墨西哥,2008,1.15,10504,5.10,5.7
墨西哥,2009,0.94,8475,3.60,3.7
墨西哥,2010,1.11,9889,4.20,4.4
墨西哥,2011,1.22,10760,3.40,4.4
墨西哥,2012,1.18,10326,4.10,4.0
墨西哥,2013,1.27,10970,3.80,3.8
墨西哥,2014,1.30,11125,4.30,4.7
墨西哥,2015,1.21,10232,2.70,3.2
墨西哥,2016,1.15,9642,2.80,3.5
墨西哥,2017,1.16,9632,6.00,6.0
墨西哥,2018,1.22,10040,4.90,5.1
墨西哥,2019,1.27,10386,3.60,3.8
墨西哥,2020,1.12,9024,3.40,4.1
墨西哥,2021,1.30,10386,5.70,6.4
墨西哥,2022,1.47,11647,7.90,7.9
墨西哥,2023,1.66,13082,4.70,5.7
墨西哥,2024,1.79,14020,4.20,4.8
墨西哥,2025,1.83,14210,3.60,4.1
尼日利亚,2000,0.0692,580,6.90,12.5
尼日利亚,2001,0.0731,600,18.90,18.2
尼日利亚,2002,0.0803,642,12.90,14.0
尼日利亚,2003,0.1014,794,14.00,16.5
尼日利亚,2004,0.1305,995,15.00,17.8
尼日利亚,2005,0.1757,1304,17.90,19.3
尼日利亚,2006,0.2228,1610,8.20,13.7
尼日利亚,2007,0.2666,1872,5.40,8.2
尼日利亚,2008,0.3302,2256,11.60,12.1
尼日利亚,2009,0.2975,1971,12.50,11.4
尼日利亚,2010,0.3670,2362,13.70,15.2
尼日利亚,2011,0.4151,2590,10.80,11.3
尼日利亚,2012,0.4574,2780,12.20,13.0
尼日利亚,2013,0.5149,3041,8.50,10.4
尼日利亚,2014,0.5685,3270,8.00,9.0
尼日利亚,2015,0.4930,2766,9.00,10.3
尼日利亚,2016,0.4051,2213,15.70,17.4
尼日利亚,2017,0.3758,2013,16.50,17.1
尼日利亚,2018,0.4217,2210,12.10,13.3
尼日利亚,2019,0.4470,2297,11.40,12.0
尼日利亚,2020,0.5986,3015,13.20,14.1
尼日利亚,2021,0.4415,2181,16.90,17.7
尼日利亚,2022,0.4774,2317,18.80,19.6
尼日利亚,2023,0.3748,1788,21.40,22.3
尼日利亚,2024,0.3024,1417,19.20,19.8
尼日利亚,2025,0.2908,1345,17.00,17.5
南非,2000,0.1518,3218,5.30,8.0
南非,2001,0.1343,2812,5.70,7.4
南非,2002,0.1294,2675,9.20,10.1
南非,2003,0.1971,4011,5.80,7.2
南非,2004,0.2563,5131,1.40,4.4
南非,2005,0.2889,5690,3.40,5.2
南非,2006,0.3046,5932,4.70,6.3
南非,2007,0.3398,6547,7.10,8.0
南非,2008,0.3149,5992,11.50,12.0
南非,2009,0.2910,5478,7.10,8.4
南非,2010,0.4174,7750,4.30,5.1
南非,2011,0.4586,8403,5.00,6.0
南非,2012,0.4201,7584,5.70,6.3
南非,2013,0.3668,6546,5.80,6.2
南非,2014,0.3501,6178,6.10,6.4
南非,2015,0.3467,6045,4.60,5.4
南非,2016,0.3266,5637,6.60,7.4
南非,2017,0.3488,5944,5.30,6.0
南非,2018,0.3682,6198,4.60,5.2
南非,2019,0.3514,5842,4.10,4.7
南非,2020,0.3380,5569,3.30,4.2
南非,2021,0.4153,6763,4.60,5.9
南非,2022,0.4057,6548,6.90,7.8
南非,2023,0.3807,6067,5.90,6.7
南非,2024,0.4002,6318,4.80,5.5
南非,2025,0.4272,6660,4.20,4.8
埃及,2000,0.0998,1490,2.70,3.4
埃及,2001,0.0975,1427,2.50,3.1
埃及,2002,0.0888,1272,4.70,4.5
埃及,2003,0.0825,1154,10.50,11.3
埃及,2004,0.0783,1067,11.30,12.2
埃及,2005,0.0897,1196,4.90,6.3
埃及,2006,0.1123,1463,7.60,8.2
埃及,2007,0.1371,1745,9.50,10.4
埃及,2008,0.1627,2030,11.70,13.0
埃及,2009,0.1897,2310,16.20,17.1
埃及,2010,0.2190,2612,11.30,12.6
埃及,2011,0.2360,2757,10.10,11.2
埃及,2012,0.2788,3193,7.10,8.0
埃及,2013,0.2978,3347,9.50,10.2
埃及,2014,0.3043,3348,10.10,11.3
埃及,2015,0.3294,3547,10.40,11.8
埃及,2016,0.3325,3510,13.80,14.6
埃及,2017,0.2505,2590,29.50,30.8
埃及,2018,0.2881,2934,14.40,15.3
埃及,2019,0.3023,3030,13.90,14.5
埃及,2020,0.3838,3792,5.00,6.1
埃及,2021,0.4233,4110,5.20,6.5
埃及,2022,0.4768,4560,13.90,15.4
埃及,2023,0.4402,4167,37.40,38.2
埃及,2024,0.4021,3753,25.80,26.4
埃及,2025,0.3653,3360,18.50,19.1
肯尼亚,2000,0.0127,415,6.20,7.9
肯尼亚,2001,0.0133,426,5.80,7.2
肯尼亚,2002,0.0138,433,2.00,4.4
肯尼亚,2003,0.0161,495,9.80,11.1
肯尼亚,2004,0.0184,552,11.60,12.7
肯尼亚,2005,0.0187,549,10.30,11.4
肯尼亚,2006,0.0229,657,14.50,15.7
肯尼亚,2007,0.0295,829,9.80,11.2
肯尼亚,2008,0.0359,986,26.20,27.3
肯尼亚,2009,0.0370,991,9.20,10.6
肯尼亚,2010,0.0454,1184,4.30,5.7
肯尼亚,2011,0.0505,1287,14.00,15.2
肯尼亚,2012,0.0514,1282,9.40,10.5
肯尼亚,2013,0.0553,1347,5.70,7.1
肯尼亚,2014,0.0607,1442,6.90,8.3
肯尼亚,2015,0.0701,1631,6.60,7.8
肯尼亚,2016,0.0748,1699,6.30,7.2
肯尼亚,2017,0.0816,1805,8.00,9.3
肯尼亚,2018,0.0922,1992,4.70,6.1
肯尼亚,2019,0.1003,2122,5.20,6.4
肯尼亚,2020,0.1007,2088,5.40,6.2
肯尼亚,2021,0.1104,2240,6.10,7.6
肯尼亚,2022,0.1181,2347,7.60,8.8
肯尼亚,2023,0.1248,2430,7.70,9.0
肯尼亚,2024,0.1312,2508,6.80,7.9
肯尼亚,2025,0.1359,2545,6.00,7.0
埃塞俄比亚,2000,0.0082,120,6.20,12.5
埃塞俄比亚,2001,0.0087,125,-7.20,-1.1
埃塞俄比亚,2002,0.0095,134,1.70,5.2
埃塞俄比亚,2003,0.0103,142,17.80,18.3
埃塞俄比亚,2004,0.0118,159,8.00,10.2
埃塞俄比亚,2005,0.0124,163,11.60,13.3
埃塞俄比亚,2006,0.0152,196,13.60,15.1
埃塞俄比亚,2007,0.0193,244,17.20,18.9
埃塞俄比亚,2008,0.0263,325,44.40,46.7
埃塞俄比亚,2009,0.0285,344,8.50,10.7
埃塞俄比亚,2010,0.0299,353,11.10,13.5
埃塞俄比亚,2011,0.0367,424,28.50,30.1
埃塞俄比亚,2012,0.0436,492,22.80,24.2
埃塞俄比亚,2013,0.0478,528,8.10,10.2
埃塞俄比亚,2014,0.0556,602,7.40,9.6
埃塞俄比亚,2015,0.0621,657,10.10,12.3
埃塞俄比亚,2016,0.0723,749,7.60,9.4
埃塞俄比亚,2017,0.0768,778,13.00,14.9
埃塞俄比亚,2018,0.0843,834,13.80,15.4
埃塞俄比亚,2019,0.0928,898,15.80,17.2
埃塞俄比亚,2020,0.0987,932,20.00,21.5
埃塞俄比亚,2021,0.1118,1034,26.80,28.1
埃塞俄比亚,2022,0.1182,1075,33.00,34.6
埃塞俄比亚,2023,0.1221,1092,18.40,19.7
埃塞俄比亚,2024,0.1243,1094,14.20,15.3
埃塞俄比亚,2025,0.1264,1098,11.00,12.1
加纳,2000,0.0050,262,25.10,27.6
加纳,2001,0.0054,275,32.90,34.2
加纳,2002,0.0061,302,14.80,16.1
加纳,2003,0.0072,348,26.70,28.4
加纳,2004,0.0088,415,12.60,14.3
加纳,2005,0.0107,494,15.10,16.8
加纳,2006,0.0135,611,10.50,12.2
加纳,2007,0.0165,734,10.70,12.4
加纳,2008,0.0184,801,16.50,18.2
加纳,2009,0.0197,838,19.30,20.7
加纳,2010,0.0322,1348,10.70,12.1
加纳,2011,0.0397,1630,8.70,10.4
加纳,2012,0.0407,1641,7.10,8.8
加纳,2013,0.0431,1697,11.60,13.2
加纳,2014,0.0465,1779,15.50,17.1
加纳,2015,0.0494,1841,17.70,19.3
加纳,2016,0.0520,1894,17.50,19.0
加纳,2017,0.0589,2100,12.40,14.1
加纳,2018,0.0667,2334,9.80,11.5
加纳,2019,0.0670,2307,7.10,8.8
加纳,2020,0.0700,2366,9.90,11.4
加纳,2021,0.0776,2580,9.70,11.2
加纳,2022,0.0847,2770,31.60,33.2
加纳,2023,0.0970,3124,38.10,39.5
加纳,2024,0.1085,3444,24.60,26.1
加纳,2025,0.1142,3580,16.80,18.0
